<?xml version="1.0" encoding="UTF-8"?>
<beans xmlns="http://www.springframework.org/schema/beans"
       xmlns:xsi="http://www.w3.org/2001/XMLSchema-instance"
       xmlns:context="http://www.springframework.org/schema/context" xmlns:tx="http://www.springframework.org/schema/tx"
       xsi:schemaLocation="http://www.springframework.org/schema/beans http://www.springframework.org/schema/beans/spring-beans.xsd http://www.springframework.org/schema/context http://www.springframework.org/schema/context/spring-context.xsd http://www.springframework.org/schema/tx http://www.springframework.org/schema/tx/spring-tx.xsd">


    <context:component-scan base-package="com.zking"></context:component-scan>


    <bean id="basicDataSource" class="org.apache.commons.dbcp.BasicDataSource">
        <property name="driverClassName" value="com.mysql.jdbc.Driver"></property>
        <property name="url" value="jdbc:mysql://localhost:3306/test"></property>
        <property name="username" value="root"></property>
        <property name="password" value="sasa"></property>
        <property name="initialSize" value="20"></property>
        <property name="maxWait" value="6000"></property>
        <property name="minIdle" value="1"></property>
        <property name="maxIdle" value="20"></property>
        <property name="maxActive" value="100"></property>
    </bean>


    <bean id="sqlSessionFactoryBean" class="org.mybatis.spring.SqlSessionFactoryBean">
        <property name="dataSource" ref="basicDataSource"></property>
        <property name="typeAliasesPackage" value="com.zking.pojo"></property>
        <property name="mapperLocations" value="classpath:com/zking/mapper/*.xml"></property>
    </bean>


    <bean id="mapperScannerConfigurer" class="org.mybatis.spring.mapper.MapperScannerConfigurer">
        <property name="basePackage" value="com.zking.mapper"></property>
        <property name="sqlSessionFactoryBeanName" value="sqlSessionFactoryBean"></property>
    </bean>


    <bean id="dataSourceTransactionManager" class="org.springframework.jdbc.datasource.DataSourceTransactionManager">
        <property name="dataSource" ref="basicDataSource"></property>
    </bean>






    <tx:annotation-driven transaction-manager="dataSourceTransactionManager"></tx:annotation-driven>


    <bean id="jedisPool" class="redis.clients.jedis.JedisPool">
        <constructor-arg name="host" value="192.168.91.129"></constructor-arg>
        <constructor-arg name="port" value="6379"></constructor-arg>
    </bean>



    <bean  id="jedisPoolCaChe" class="com.zking.redis.JedisPoolCaChe">
<property name="jedisPool" ref="jedisPool"></property>

    </bean>



</beans>