<?xml version="1.0" encoding="UTF-8" ?>
<!DOCTYPE mapper
        PUBLIC "-//mybatis.org//DTD Mapper 3.0//EN"
        "http://mybatis.org/dtd/mybatis-3-mapper.dtd">
<mapper namespace="com.zking.mapper.Tb_UserMapper">
    <select id="findUser" resultType="Tb_User">
        select * from  tb_user
    </select>

    <insert id="AddUser" parameterType="Tb_User">
        <selectKey resultType="java.lang.String" keyProperty="user_id" order="BEFORE">
            select uuid()
        </selectKey>
        insert into tb_user value(#{user_id},#{user_name},#{user_pwd})
    </insert>

    <update id="editUser" parameterType="Tb_User">
        update tb_user
        <set>
            <if test="user_name!=null">
                user_name=#{user_name}
            </if>
            <if test="user_pwd!=null">
                user_pwd=#{user_pwd}
            </if>
        </set>
        where user_id=#{user_id}
    </update>

    <delete id="deleteUser" parameterType="Tb_User">
        delete  from  tb_user  where  user_id=#{user_id}
    </delete>
</mapper>
